variable	templateCharacters	replacementCharacters	occurrences	estimatedCharacters	finalCharacters	status
X999999998	17	2	1	13	7	admitted
X999999998	17	2	1	13	7	admitted
X999999998	28	7	1	29	25	admitted
X999999999	25	7	1	26	22	admitted
X999999998	28	22	1	44	40	admitted
X999999999	40	1	1	35	31	admitted
X999999998	28	31	1	53	49	admitted
X999999999	49	21	1	64	60	admitted
X999999998	28	3	1	25	21	admitted
X999999999	21	71	1	86	82	admitted
X999999997	76	17	1	87	83	admitted
X999999997	127	111	2	335	329	admitted
X999999997	1457	329	12	5311	5229	admitted
X999999997	76	5229	1	5299	5295	admitted
X999999997	119	329	1	442	444	admitted
X999999997	76	5144	1	5214	5210	admitted
X999999998	28	2	1	24	20	admitted
X999999999	20	5210	1	5224	5220	admitted
X999999998	28	5225	1	5247	5243	admitted
X999999999	5243	3	1	5240	5236	admitted
X999999996	374	2	1	370	374	admitted
X999999997	374	24	3	424	416	admitted
X999999998	28	15989	1	16011	16007	admitted
X999999999	16007	21	1	16022	16018	admitted
X999999998	28	2	1	24	20	admitted
X999999999	20	5210	1	5224	5220	admitted
X999999998	28	5225	1	5247	5243	admitted
X999999999	5243	3	1	5240	5236	admitted
X999999996	374	2	1	370	374	admitted
X999999997	374	24	3	424	416	admitted
X999999998	28	15989	1	16011	16007	admitted
X999999999	16007	19	1	16020	16016	admitted
X999999998	28	3	1	25	21	admitted
X999999999	21	16018	1	16033	16029	admitted
X999999998	28	3	1	25	21	admitted
X999999999	21	16016	1	16031	16027	admitted
X999999998	28	16029	1	16051	16047	admitted
X999999999	16047	16027	1	32068	32064	admitted
X999999998	28	3	1	25	21	admitted
X999999999	21	3	1	18	14	admitted
X999999998	28	32064	1	32086	32082	admitted
X999999999	32082	14	1	32090	32086	admitted
X999999997	374	103	4	756	754	admitted
X999999998	28	3	1	25	21	admitted
X999999999	21	128506	1	128521	128517	admitted
X999999998	28	3	1	25	21	admitted
X999999999	21	128517	1	128532	128528	admitted
X999999998	28	128528	1	128550	128546	admitted
X999999999	128546	3	1	128543	128539	admitted
X999999998	28	3	1	25	21	admitted
X999999999	21	3	1	18	14	admitted
X999999998	28	128539	1	128561	128557	admitted
X999999999	128557	14	1	128565	128561	admitted
X999999998	28	128512	1	128534	128532	admitted
X999999999	128532	17	1	128543	128539	admitted
X999999998	28	15989	1	16011	16007	admitted
X999999999	16007	19	1	16020	16016	admitted
X999999998	28	15989	1	16011	16007	admitted
X999999999	16007	18	1	16019	16015	admitted
X999999998	28	3	1	25	21	admitted
X999999999	21	16016	1	16031	16027	admitted
X999999998	28	3	1	25	21	admitted
X999999999	21	16015	1	16030	16026	admitted
X999999998	28	16027	1	16049	16045	admitted
X999999999	16045	16026	1	32065	32061	admitted
X999999998	28	3	1	25	21	admitted
X999999999	21	3	1	18	14	admitted
X999999998	28	32061	1	32083	32079	admitted
X999999999	32079	14	1	32087	32083	admitted
X999999997	374	100	4	744	742	admitted
X999999998	28	3	1	25	21	admitted
X999999999	21	128494	1	128509	128505	admitted
X999999998	28	3	1	25	21	admitted
X999999999	21	128505	1	128520	128516	admitted
X999999998	28	128516	1	128538	128534	admitted
X999999999	128534	3	1	128531	128527	admitted
X999999998	28	3	1	25	21	admitted
X999999999	21	3	1	18	14	admitted
X999999998	28	128527	1	128549	128545	admitted
X999999999	128545	14	1	128553	128549	admitted
X999999998	28	128500	1	128522	128520	admitted
X999999999	128520	19	1	128533	128529	admitted
X999999998	28	3	1	25	21	admitted
X999999999	21	128539	1	128554	128550	admitted
X999999998	28	3	1	25	21	admitted
X999999999	21	128529	1	128544	128540	admitted
X999999998	28	128550	1	128572	128568	admitted
X999999999	128568	128540	1	257102	257098	admitted
X999999998	28	3	1	25	21	admitted
X999999999	21	3	1	18	14	admitted
X999999998	28	257098	1	257120	257116	admitted
X999999999	257116	14	1	257124	257120	admitted
X999999998	28	2	1	24	20	admitted
X999999999	20	257125	1	257139	257135	admitted
X999999997	374	115	4	804	802	admitted
X999999997	71	803	1	868	864	admitted
X999999998	17	1028704	1	1028715	1028709	admitted
X999999998	28	128512	1	128534	128532	admitted
X999999999	128532	18	1	128544	128540	admitted
X999999998	28	128500	1	128522	128520	admitted
X999999999	128520	20	1	128534	128530	admitted
X999999998	28	3	1	25	21	admitted
X999999999	21	128540	1	128555	128551	admitted
X999999998	28	3	1	25	21	admitted
X999999999	21	128530	1	128545	128541	admitted
X999999998	28	128551	1	128573	128569	admitted
X999999999	128569	128541	1	257104	257100	admitted
X999999998	28	3	1	25	21	admitted
X999999999	21	3	1	18	14	admitted
X999999998	28	257100	1	257122	257118	admitted
X999999999	257118	14	1	257126	257122	admitted
X999999998	28	2	1	24	20	admitted
X999999999	20	257127	1	257141	257137	admitted
X999999997	374	117	4	812	810	admitted
X999999997	71	811	1	876	872	admitted
X999999998	17	1028712	1	1028723	1028717	admitted
X999999998	28	1028709	1	1028731	1028727	admitted
X999999999	1028727	1028717	1	2057438	2057434	admitted
X999999998	28	2057434	1	2057456	2057452	admitted
X999999999	2057452	1	1	2057447	2057443	admitted
X999999998	28	2057443	1	2057465	2057461	admitted
X999999999	2057461	21	1	2057476	2057472	admitted
X999999998	28	3	1	25	21	admitted
X999999999	21	2057483	1	2057498	2057494	admitted
X999999997	76	53	1	123	119	admitted
X999999997	127	147	2	407	401	admitted
X999999997	1457	401	12	6175	6093	admitted
X999999997	76	6093	1	6163	6159	admitted
X999999997	119	401	1	514	516	admitted
X999999997	76	6080	1	6150	6146	admitted
X999999998	28	1028704	1	1028726	1028722	admitted
X999999999	1028722	53497922	1	54526638	54526634	admitted
X999999998	28	54526639	1	54526661	54526657	admitted
X999999999	54526657	3	1	54526654	54526650	admitted
X999999996	374	20	1	388	392	admitted
X999999997	392	43	3	499	491	admitted
X999999998	28	164608933	1	164608955	164608951	admitted
X999999999	164608951	23	1	164608968	164608964	admitted
X999999998	28	1028712	1	1028734	1028730	admitted
X999999999	1028730	53497922	1	54526646	54526642	admitted
X999999998	28	54526647	1	54526669	54526665	admitted
X999999999	54526665	3	1	54526662	54526658	admitted
X999999996	374	20	1	388	392	admitted
X999999997	392	43	3	499	491	admitted
X999999998	28	164608965	1	164608987	164608983	admitted
X999999999	164608983	19	1	164608996	164608992	admitted
X999999998	28	3	1	25	21	admitted
X999999999	21	164608964	1	164608979	164608975	admitted
X999999998	28	3	1	25	21	admitted
X999999999	21	164608992	1	164609007	164609003	admitted
X999999998	28	164608975	1	164608997	164608993	admitted
X999999999	164608993	164609003	1	329217990	329217986	admitted
X999999998	28	3	1	25	21	admitted
X999999999	21	3	1	18	14	admitted
X999999998	28	329217986	1	329218008	329218004	admitted
X999999999	329218004	14	1	329218012	329218008	admitted
X999999997	374	105	4	764	762	admitted
X999999997	48	20	2	74	68	admitted
X999999996	374	20	1	388	392	admitted
X999999997	392	58	3	544	536	admitted
X999999998	28	164608933	1	164608955	164608951	admitted
X999999999	164608951	20	1	164608965	164608961	admitted
X999999998	28	164608965	1	164608987	164608983	admitted
X999999999	164608983	18	1	164608995	164608991	admitted
X999999998	28	3	1	25	21	admitted
X999999999	21	164608961	1	164608976	164608972	admitted
X999999998	28	3	1	25	21	admitted
X999999999	21	164608991	1	164609006	164609002	admitted
X999999998	28	164608972	1	164608994	164608990	admitted
X999999999	164608990	164609002	1	329217986	329217982	admitted
X999999998	28	3	1	25	21	admitted
X999999999	21	3	1	18	14	admitted
X999999998	28	329217982	1	329218004	329218000	admitted
X999999999	329218000	14	1	329218008	329218004	admitted
X999999997	374	101	4	748	746	admitted
X999999998	28	9218105754	1	9218105776	9218105772	admitted
X999999999	9218105772	1316872178	1	10534977944	None	budget
