dependency	beforeCharacters	afterCharacters	CASPasses
model.layers.0.pre:inverse	82	5210	59
model.layers.0.pre:0	5241	15989	83
model.layers.0.pre:1	5241	15989	24
model.layers.0.v:0	32091	128506	144
model.layers.0.context:0	128566	128512	169
model.layers.0.v:1	32088	128494	36
model.layers.0.context:1	128554	128500	61
model.layers.0.residual:0	257140	1028704	272
model.layers.0.residual:1	257142	1028712	42
model.layers.0.post:inverse	2057494	53497922	102
model.layers.0.post:0	54526655	164608933	126
model.layers.0.post:1	54526663	164608965	24
model.layers.0.gate:0	329218013	1316872194	37
model.layers.0.up:0	329218009	1316872178	37
