virtualCharacters	stabilizedVirtualCharacters	expandedCharacters	completedRegions	CASPasses	admitted
84	80	2057452	2	1	True
75	71	2057443	2	1	True
93	89	2057461	2	1	True
104	100	2057472	2	1	True
126	122	2057494	2	1	True
56	52	54526634	2	1	True
76	70	54526652	2	1	True
67	63	54526645	2	1	True
41	35	164608946	1	1	True
52	48	164608959	1	1	True
56	52	54526642	2	1	True
76	70	54526660	2	1	True
67	63	54526653	2	1	True
41	35	164608978	1	1	True
48	44	164608987	1	1	True
63	59	164608970	1	1	True
59	55	164608998	1	1	True
81	77	164608988	1	1	True
126	122	329217976	2	1	True
144	140	329217994	2	1	True
148	144	329217998	2	1	True
41	35	164608946	1	1	True
49	45	164608956	1	1	True
41	35	164608978	1	1	True
47	43	164608986	1	1	True
60	56	164608967	1	1	True
58	54	164608997	1	1	True
78	74	164608985	1	1	True
122	118	329217972	2	1	True
140	136	329217990	2	1	True
144	140	329217994	2	1	True
41	35	13497941791	1	1	True
47	43	13497941799	1	1	True
58	54	13497941810	1	1	True
76	72	13497941828	1	1	True
69	65	13497941821	1	1	True
87	83	13497941839	1	1	True
91	87	13497941843	1	1	True
126	122	13498970560	2	1	True
