inputCharacters	virtualCharacters	closedVirtualCharacters	expandedCharacters	completedRegions
5236	45	416	15989	2
5236	46	419	15989	2
32081	143	754	128506	5
128561	75	26	128512	4
32078	140	742	128494	5
128549	75	26	128500	4
257130	170	864	1028704	6
257132	172	872	1028712	6
2057494	120	6198	53497922	6
54526650	66	498	164608933	6
54526658	66	498	164608965	6
329218003	147	770	1316872194	7
1316872202	29	2260	2962962964	4
329217999	143	754	1316872178	7
4279835159	55	489	13497941778	6
13497941778	21	21	13497941778	6
13498970565	125	1521	24033949660	10
