producerAlias	beforeRestoredCharacters	candidateRestoredCharacters	arms	admitted
CASNumericRegion18	128506	177147	2	False
CASNumericRegion19	128506	177147	2	False
CASNumericRegion26	128512	128518	2	False
CASNumericRegion33	128494	177123	2	False
CASNumericRegion34	128494	177123	2	False
CASNumericRegion41	128500	128506	2	False
CASNumericRegion46	1028704	1446997	2	False
CASNumericRegion47	1028704	1447054	2	False
CASNumericRegion59	1028712	1447013	2	False
CASNumericRegion60	1028712	1447070	2	False
CASNumericRegion115	1316872194	1811728353	2	False
CASNumericRegion116	1316872194	1811728505	2	False
CASNumericRegion126	6913579521	4279835121	2	True
CASNumericRegion135	1316872178	1811728321	2	False
CASNumericRegion136	1316872178	1811728473	2	False
CASNumericRegion146	22386829502	20082302882	2	True
CASNumericRegion147	20082302882	28641973556	2	False
