beforeCharacters	candidateCharacters	afterCharacters	lifts	synchronizedOperations	status
172	172	172	0	0	no-matching-siblings
2168	2168	2168	0	0	no-matching-siblings
2168	2168	2168	0	0	no-matching-siblings
4826	4826	4826	0	0	no-matching-siblings
4826	4826	4826	0	0	no-matching-siblings
4826	4826	4826	0	0	no-matching-siblings
4826	4826	4826	0	0	no-matching-siblings
39202	39202	39202	0	0	no-matching-siblings
39202	39202	39202	0	0	no-matching-siblings
39208	39208	39208	0	0	no-matching-siblings
39208	39208	39208	0	0	no-matching-siblings
39190	39190	39190	0	0	no-matching-siblings
39190	39190	39190	0	0	no-matching-siblings
39196	39196	39196	0	0	no-matching-siblings
39196	39196	39196	0	0	no-matching-siblings
314272	314272	314272	0	0	no-matching-siblings
314272	314272	314272	0	0	no-matching-siblings
314280	314280	314280	0	0	no-matching-siblings
314280	314280	314280	0	0	no-matching-siblings
628720	628720	628720	0	0	no-matching-siblings
628720	628720	628720	0	0	no-matching-siblings
4402004	4402004	4402004	0	0	no-matching-siblings
4402004	None	4402004	0	0	search-budget
10690126	15013844	10690126	28	1	no-size-reduction
10690126	None	10690126	0	0	search-budget
10690158	15013874	10690158	28	1	no-size-reduction
10690158	None	10690158	0	0	search-budget
